job_roles,location,salary
Devops Engineer,London,89667
Data Engineer,Shanghai,101303
Software Engineer,Cairo,92214
Data Engineer,San Francisco,90839
Data Anaylst,New York,93637
UX Designer,New York,95246
Data Engineer,San Francisco,93960
Data Engineer,London,84847
Data Engineer,San Francisco,92927
UX Designer,Shanghai,109469
UX Designer,San Francisco,98228
Software Engineer,Shanghai,98406
Data Anaylst,London,83659
UX Designer,Cairo,103516
Devops Engineer,New York,94522
Devops Engineer,Cairo,107169
UX Designer,Shanghai,106104
Devops Engineer,London,91047
Software Engineer,Cairo,97956
Data Anaylst,New York,93238
Data Anaylst,New York,88068
Data Engineer,Shanghai,102840
UX Designer,Shanghai,108587
UX Designer,New York,92861
Devops Engineer,London,93418
Data Anaylst,San Francisco,95348
UX Designer,London,87513
UX Designer,Shanghai,110332
Data Engineer,London,80801
Data Anaylst,San Francisco,93522
Software Engineer,New York,86285
Data Anaylst,Cairo,100691
UX Designer,Cairo,106231
Data Anaylst,Cairo,101363
Software Engineer,Cairo,95474
Data Anaylst,San Francisco,93678
Data Engineer,New York,87788
Software Engineer,San Francisco,89155
Data Anaylst,Shanghai,105946
UX Designer,Cairo,102798
Software Engineer,San Francisco,88164
Data Anaylst,New York,89552
Software Engineer,New York,84828
UX Designer,New York,96781
Data Engineer,New York,88011
Software Engineer,San Francisco,90492
UX Designer,Cairo,106680
Data Engineer,New York,90064
Software Engineer,London,80257
Devops Engineer,Shanghai,111141
Data Engineer,Cairo,99102
Devops Engineer,San Francisco,100239
Data Engineer,London,83542
Devops Engineer,San Francisco,103498
Software Engineer,London,79481
Data Anaylst,Cairo,102765
Data Anaylst,Cairo,98931
Data Anaylst,San Francisco,96156
Data Engineer,San Francisco,95506
Data Engineer,New York,86624
Data Anaylst,Cairo,101122
Software Engineer,New York,85475
UX Designer,San Francisco,97697
Data Engineer,London,84651
Data Engineer,San Francisco,95029
UX Designer,San Francisco,99616
Devops Engineer,San Francisco,100593
UX Designer,San Francisco,101757
Data Engineer,Cairo,97950
Software Engineer,Shanghai,101630
Data Engineer,London,83871
Data Engineer,New York,88324
Data Engineer,Cairo,96186
Data Engineer,New York,89805
Devops Engineer,San Francisco,103057
Data Engineer,London,81307
Software Engineer,New York,82767
UX Designer,San Francisco,101522
Software Engineer,Shanghai,98909
UX Designer,Shanghai,109647
Devops Engineer,London,90792
Data Engineer,Shanghai,102310
Data Anaylst,New York,90197
UX Designer,London,91579
Data Engineer,Shanghai,100716
Data Engineer,Shanghai,100368
Software Engineer,San Francisco,87964
Software Engineer,London,79609
Software Engineer,Shanghai,102315
Data Anaylst,San Francisco,98868
Devops Engineer,London,92549
Data Engineer,London,83833
Data Anaylst,Cairo,103544
Data Engineer,London,84381
Data Anaylst,Shanghai,108411
Data Anaylst,San Francisco,98839
Data Anaylst,Shanghai,106863
Software Engineer,Cairo,97906
UX Designer,London,88546
Data Anaylst,London,87411
Software Engineer,San Francisco,90300
Data Anaylst,New York,89366
Software Engineer,San Francisco,90541
Data Anaylst,San Francisco,94854
Software Engineer,San Francisco,92659
UX Designer,San Francisco,96068
Data Engineer,London,80172
Devops Engineer,New York,98094
Devops Engineer,Shanghai,112881
Devops Engineer,London,93873
UX Designer,Cairo,101011
Software Engineer,San Francisco,87564
Data Engineer,Cairo,99961
Data Engineer,London,84666
UX Designer,San Francisco,98268
Devops Engineer,Shanghai,110157
Software Engineer,New York,84356
Software Engineer,Cairo,92259
Data Engineer,Cairo,96420
Data Engineer,Shanghai,103670
Data Anaylst,San Francisco,93451
Data Engineer,Cairo,95158
Data Engineer,Cairo,95901
UX Designer,Cairo,103243
Data Anaylst,New York,90514
UX Designer,San Francisco,100340
UX Designer,London,87058
Data Engineer,New York,90959
Data Engineer,Cairo,97310
Data Engineer,Shanghai,104929
Software Engineer,San Francisco,90990
Data Engineer,San Francisco,91682
Data Engineer,London,85600
Devops Engineer,Cairo,109506
Data Anaylst,San Francisco,94259
Data Anaylst,New York,92735
Data Anaylst,New York,93446
Software Engineer,Cairo,92062
UX Designer,London,90219
Devops Engineer,New York,98093
UX Designer,London,87757
Devops Engineer,London,94680
Software Engineer,London,77685
Data Engineer,Shanghai,101693
Software Engineer,Shanghai,102274
Data Anaylst,Shanghai,106649
Data Engineer,New York,88216
Devops Engineer,New York,95564
Data Engineer,Shanghai,101316
Data Engineer,London,81805
Software Engineer,Cairo,97439
Devops Engineer,Shanghai,110113
Data Engineer,Shanghai,104298
Devops Engineer,New York,95891
Data Anaylst,London,84988
UX Designer,San Francisco,98093
Data Engineer,Shanghai,104698
Devops Engineer,London,89951
Data Anaylst,New York,90408
Devops Engineer,London,92472
Software Engineer,New York,85299
Data Engineer,San Francisco,94758
Devops Engineer,San Francisco,102403
UX Designer,Cairo,103070
UX Designer,San Francisco,101150
Data Engineer,Shanghai,100866
Data Anaylst,Cairo,99743
Software Engineer,New York,85347
Software Engineer,Shanghai,102429
Devops Engineer,Shanghai,112834
Data Anaylst,London,85362
Software Engineer,San Francisco,90390
Data Anaylst,New York,90975
Software Engineer,London,78945
Data Anaylst,New York,88313
Devops Engineer,London,90818
UX Designer,London,87161
Data Engineer,New York,88176
Data Engineer,Shanghai,100236
Data Anaylst,New York,92274
UX Designer,London,90570
Devops Engineer,San Francisco,99153
Data Anaylst,London,86018
Software Engineer,London,79344
Data Engineer,London,81958
UX Designer,New York,93709
Software Engineer,San Francisco,89577
Software Engineer,San Francisco,89644
Data Anaylst,San Francisco,95192
UX Designer,New York,91352
UX Designer,Shanghai,107170
Data Engineer,Shanghai,101372
Devops Engineer,New York,95799
Data Engineer,London,82637
Data Anaylst,Cairo,102689
Data Engineer,London,80710
Data Anaylst,New York,90361
UX Designer,San Francisco,97714
Data Anaylst,London,84880
Data Engineer,New York,87866
Data Engineer,London,81638
UX Designer,San Francisco,97762
Data Engineer,New York,90516
Software Engineer,Cairo,92416
Data Engineer,Cairo,99111
Data Engineer,Cairo,100192
Devops Engineer,New York,95379
Devops Engineer,Shanghai,109857
Data Anaylst,Cairo,103256
UX Designer,London,87141
Data Anaylst,London,86513
Data Engineer,London,84683
Software Engineer,Cairo,96934
Software Engineer,New York,84856
Data Engineer,San Francisco,92793
Data Engineer,San Francisco,95053
Software Engineer,Cairo,95300
UX Designer,London,89799
Data Anaylst,New York,92370
UX Designer,Shanghai,109535
Data Engineer,New York,88357
Devops Engineer,London,94129
Data Engineer,San Francisco,94826
Software Engineer,New York,83631
Data Anaylst,London,88746
Devops Engineer,Cairo,109984
UX Designer,San Francisco,99696
Data Anaylst,London,86425
UX Designer,Cairo,106211
Data Engineer,London,83477
Data Engineer,London,81002
Data Engineer,New York,87017
Software Engineer,Cairo,96155
Devops Engineer,Shanghai,114155
Data Anaylst,Shanghai,104614
Data Engineer,Cairo,96766
Devops Engineer,London,94815
Devops Engineer,Shanghai,113418
Software Engineer,Shanghai,99068
Data Anaylst,New York,89032
Software Engineer,San Francisco,90755
Data Anaylst,Cairo,103962
UX Designer,Cairo,102535
Software Engineer,Shanghai,100707
Software Engineer,San Francisco,89851
UX Designer,Shanghai,109934
UX Designer,London,89563
Devops Engineer,New York,96030
Data Anaylst,Shanghai,106905
Data Engineer,Cairo,96540
Data Engineer,Shanghai,103623
Software Engineer,Cairo,97184
UX Designer,London,90949
Data Anaylst,Shanghai,106625
Software Engineer,London,81076
Software Engineer,San Francisco,91805
UX Designer,London,86922
Software Engineer,Cairo,95517
Software Engineer,San Francisco,91615
Data Engineer,Cairo,99157
Devops Engineer,San Francisco,99312
Data Anaylst,London,87883
UX Designer,New York,93621
Data Anaylst,Cairo,102346
UX Designer,Shanghai,108118
UX Designer,New York,94546
Devops Engineer,San Francisco,104439
Data Engineer,New York,85486
Devops Engineer,Cairo,109248
Data Anaylst,New York,88611
Data Engineer,London,83186
Data Engineer,London,83641
Software Engineer,London,81941
Devops Engineer,New York,94542
Devops Engineer,New York,97580
Data Engineer,San Francisco,94664
UX Designer,San Francisco,97724
Devops Engineer,Cairo,108767
Software Engineer,New York,84406
Data Anaylst,San Francisco,96634
Data Anaylst,Cairo,103723
Data Anaylst,Shanghai,108768
UX Designer,Shanghai,110322
Data Engineer,New York,89109
Data Anaylst,New York,92855
Data Anaylst,London,87768
Software Engineer,Shanghai,100780
Data Anaylst,London,85516
Software Engineer,Cairo,92934
Data Anaylst,New York,90903
Software Engineer,Cairo,96774
Devops Engineer,London,93185
Devops Engineer,Cairo,105271
Data Engineer,New York,88441
Data Engineer,New York,90313
Data Anaylst,Cairo,102543
Devops Engineer,San Francisco,99187
Data Engineer,New York,86819
Data Anaylst,San Francisco,96288
Devops Engineer,London,91504
Data Engineer,Cairo,97926
Data Anaylst,Shanghai,103339
Data Engineer,New York,85846
Software Engineer,San Francisco,90820
Data Engineer,Shanghai,105826
Software Engineer,Cairo,97224
Data Engineer,New York,87822
Data Anaylst,San Francisco,93709
Software Engineer,Shanghai,102193
Data Engineer,London,84301
Devops Engineer,Shanghai,111461
Software Engineer,Cairo,93204
Devops Engineer,Shanghai,110563
Software Engineer,San Francisco,92138
Devops Engineer,Cairo,107239
Devops Engineer,San Francisco,101445
Software Engineer,Shanghai,98759
UX Designer,New York,95350
Software Engineer,Cairo,97459
UX Designer,Cairo,102028
Devops Engineer,Cairo,105410
UX Designer,San Francisco,100787
Data Engineer,New York,86695
UX Designer,New York,95371
Software Engineer,Shanghai,99043
Data Anaylst,Shanghai,105151
Data Anaylst,London,87243
UX Designer,London,87416
Devops Engineer,London,89725
Devops Engineer,New York,95407
Data Anaylst,Cairo,103785
Data Anaylst,New York,93487
Devops Engineer,New York,98973
Data Engineer,San Francisco,91734
Devops Engineer,New York,96405
Data Engineer,New York,88386
Data Engineer,Cairo,100061
UX Designer,New York,91648
Devops Engineer,Shanghai,109769
UX Designer,London,86931
Data Anaylst,San Francisco,94879
Data Engineer,Shanghai,103397
UX Designer,Shanghai,108425
Data Anaylst,New York,91021
Data Anaylst,New York,91606
Software Engineer,San Francisco,90258
Devops Engineer,New York,99785
Software Engineer,Cairo,97174
Data Anaylst,New York,93197
UX Designer,Cairo,102699
UX Designer,New York,96372
Data Anaylst,New York,90183
Data Engineer,London,82138
UX Designer,Cairo,105015
Data Engineer,Cairo,96824
UX Designer,Shanghai,109712
Software Engineer,New York,85601
Software Engineer,Cairo,92123
Data Anaylst,San Francisco,95118
Software Engineer,Shanghai,98021
Data Engineer,San Francisco,92119
Data Anaylst,New York,89440
UX Designer,London,89412
Data Engineer,Shanghai,105462
Software Engineer,London,77613
Data Engineer,San Francisco,92628
Data Anaylst,London,83962
Software Engineer,Cairo,96399
Software Engineer,London,82037
UX Designer,Shanghai,109149
Software Engineer,San Francisco,89648
Devops Engineer,San Francisco,101897
Data Engineer,Shanghai,105166
UX Designer,Cairo,103157
Software Engineer,New York,83335
Data Anaylst,Shanghai,107960
Data Anaylst,Shanghai,105195
UX Designer,New York,95190
UX Designer,New York,96449
UX Designer,San Francisco,100953
Data Anaylst,Cairo,101188
UX Designer,New York,94674
UX Designer,London,88888
Data Anaylst,Cairo,103425
Software Engineer,Cairo,96381
Data Engineer,New York,88038
UX Designer,London,88404
Software Engineer,London,79541
UX Designer,Shanghai,106696
Data Anaylst,San Francisco,96432
UX Designer,San Francisco,99003
UX Designer,Shanghai,107259
Data Anaylst,San Francisco,96608
Software Engineer,New York,84591
Data Anaylst,Cairo,103743
Software Engineer,London,79591
UX Designer,London,87116
Data Anaylst,Cairo,98542
Data Engineer,Shanghai,104309
Data Anaylst,Shanghai,106060
UX Designer,San Francisco,96411
UX Designer,Shanghai,111776
UX Designer,Shanghai,107479
Devops Engineer,London,91050
Data Engineer,New York,89379
Devops Engineer,London,94914
Software Engineer,London,77112
Devops Engineer,London,91162
UX Designer,Shanghai,110439
UX Designer,San Francisco,96168
Software Engineer,New York,87213
UX Designer,San Francisco,100048
UX Designer,Cairo,105230
Data Engineer,New York,88291
Data Engineer,New York,88977
Data Engineer,San Francisco,92976
Data Anaylst,Cairo,98599
Devops Engineer,London,91355
Data Anaylst,Cairo,98175
Data Anaylst,Cairo,100955
Devops Engineer,New York,98278
Software Engineer,San Francisco,88924
Software Engineer,San Francisco,91662
Data Engineer,Shanghai,105065
Devops Engineer,London,94616
Devops Engineer,Shanghai,109459
Software Engineer,San Francisco,91828
Devops Engineer,London,94243
UX Designer,Shanghai,106476
Data Anaylst,Cairo,100775
Devops Engineer,San Francisco,99022
Data Anaylst,London,83214
UX Designer,Shanghai,108937
UX Designer,Cairo,105650
Devops Engineer,Cairo,108498
Devops Engineer,Shanghai,114493
UX Designer,London,87373
Data Anaylst,Cairo,100403
UX Designer,San Francisco,99067
Devops Engineer,Shanghai,112196
Data Anaylst,San Francisco,94743
Data Anaylst,London,85568
Devops Engineer,Cairo,109879
UX Designer,Shanghai,107289
Devops Engineer,Shanghai,111929
Data Engineer,London,84242
Software Engineer,Shanghai,100905
UX Designer,San Francisco,101713
Devops Engineer,New York,99879
Data Engineer,San Francisco,94346
Software Engineer,New York,85178
UX Designer,London,86921
UX Designer,London,86929
UX Designer,Cairo,106977
UX Designer,Cairo,103170
Data Engineer,Cairo,95004
Devops Engineer,Cairo,104931
Data Engineer,San Francisco,91440
UX Designer,Cairo,103463
Devops Engineer,Cairo,105370
Devops Engineer,Shanghai,109539
Data Engineer,San Francisco,93691
Data Anaylst,London,86801
Devops Engineer,New York,96271
UX Designer,Shanghai,109321
Data Anaylst,San Francisco,93253
Data Anaylst,San Francisco,97163
UX Designer,London,89828
Software Engineer,San Francisco,90621
Software Engineer,Shanghai,98709
Data Anaylst,Cairo,101016
UX Designer,Shanghai,110189
Data Engineer,San Francisco,91283
UX Designer,Shanghai,107067
Devops Engineer,New York,96603
Data Anaylst,San Francisco,95181
UX Designer,London,86457
Software Engineer,London,80861
Devops Engineer,London,93058
Software Engineer,San Francisco,91531
Data Anaylst,Shanghai,103669
Data Anaylst,San Francisco,97414
Data Engineer,New York,87754
Software Engineer,San Francisco,90955
Devops Engineer,London,91178
Software Engineer,Cairo,96307
Software Engineer,London,77746
Devops Engineer,New York,97127
Devops Engineer,New York,95409
Devops Engineer,Cairo,106080
Data Anaylst,London,84533
Data Engineer,London,82947
Devops Engineer,New York,97902
Data Engineer,Shanghai,104542
UX Designer,London,90332
UX Designer,San Francisco,96398
Data Anaylst,Shanghai,103245
Devops Engineer,London,89566
UX Designer,Cairo,106141
Devops Engineer,Shanghai,109251
UX Designer,San Francisco,101733
Devops Engineer,Cairo,107399
Software Engineer,Shanghai,98035
Data Engineer,Shanghai,103839
Devops Engineer,Shanghai,112354
Data Engineer,Shanghai,105685
Software Engineer,New York,84287
UX Designer,New York,96617
Data Anaylst,Shanghai,103469
Data Anaylst,San Francisco,95951
Data Engineer,New York,88431
Devops Engineer,Cairo,109143
Data Engineer,Shanghai,102786
Data Engineer,Shanghai,102369
Devops Engineer,New York,95013
Devops Engineer,San Francisco,103952
Data Anaylst,San Francisco,96135
Data Engineer,New York,89648
Data Engineer,London,82015
Devops Engineer,San Francisco,104319
Devops Engineer,San Francisco,101561
Data Anaylst,London,85629
UX Designer,Shanghai,110878
Devops Engineer,San Francisco,103753
Data Engineer,New York,87903
Software Engineer,Shanghai,101865
UX Designer,New York,96928
UX Designer,San Francisco,96770
Data Anaylst,Shanghai,106078
Data Anaylst,New York,89455
UX Designer,New York,95143
Data Anaylst,London,88016
UX Designer,Shanghai,107020
Data Engineer,New York,90787
Data Anaylst,London,88999
Software Engineer,London,82285
Devops Engineer,Shanghai,114639
Data Engineer,Cairo,96821
Data Anaylst,New York,92074
UX Designer,Cairo,106758
Data Anaylst,Cairo,102315
UX Designer,San Francisco,100383
Devops Engineer,San Francisco,101061
UX Designer,New York,92165
Data Anaylst,Cairo,101844
Data Engineer,London,80653
Data Anaylst,London,88636
Data Anaylst,Shanghai,108744
Data Engineer,Cairo,100366
Software Engineer,London,80957
Data Anaylst,New York,92472
Data Anaylst,New York,91349
UX Designer,New York,95443
UX Designer,London,89725
Software Engineer,Cairo,94639
UX Designer,Shanghai,108633
Devops Engineer,Cairo,104250
Data Anaylst,Cairo,100821
Data Anaylst,New York,89392
Software Engineer,San Francisco,92754
Software Engineer,Shanghai,102278
UX Designer,Cairo,106937
Data Anaylst,Cairo,102520
Devops Engineer,London,92504
UX Designer,London,89018
UX Designer,London,87791
UX Designer,London,88595
UX Designer,New York,94866
Devops Engineer,San Francisco,104737
Software Engineer,San Francisco,87753
Software Engineer,Shanghai,101532
Data Anaylst,Cairo,98390
Data Engineer,Shanghai,105406
Data Engineer,Shanghai,105974
Data Engineer,Shanghai,101460
UX Designer,London,87913
Devops Engineer,New York,99997
Data Anaylst,New York,88881
Software Engineer,London,79627
Data Anaylst,London,86493
Software Engineer,London,78347
Data Anaylst,New York,92459
Software Engineer,New York,86781
Data Anaylst,Shanghai,108233
UX Designer,Cairo,101651
Software Engineer,New York,85825
UX Designer,London,87017
UX Designer,London,91919
Data Anaylst,New York,88820
Data Engineer,San Francisco,91270
Data Engineer,Cairo,99114
UX Designer,Shanghai,109327
Data Engineer,New York,89189
Data Anaylst,London,83622
Data Anaylst,London,85158
Devops Engineer,London,91576
Data Anaylst,Shanghai,103983
Software Engineer,San Francisco,92866
Devops Engineer,Cairo,105389
Devops Engineer,New York,99868
Devops Engineer,Shanghai,111142
Software Engineer,Cairo,93831
Software Engineer,Shanghai,100384
Data Engineer,San Francisco,90618
Devops Engineer,New York,97401
Software Engineer,Shanghai,101116
Data Engineer,London,85980
Devops Engineer,Shanghai,114143
Devops Engineer,Cairo,105412
Devops Engineer,London,90438
Software Engineer,Cairo,96428
Data Engineer,San Francisco,95522
Software Engineer,London,77780
UX Designer,Shanghai,111162
UX Designer,Cairo,104431
UX Designer,New York,91818
Data Engineer,Shanghai,102866
Data Engineer,Shanghai,103831
Data Anaylst,London,87973
Data Engineer,Cairo,97819
Data Engineer,Shanghai,104196
UX Designer,London,91569
UX Designer,London,87578
UX Designer,San Francisco,100788
Devops Engineer,London,90358
UX Designer,San Francisco,99087
Data Engineer,Shanghai,102837
UX Designer,San Francisco,98475
Data Anaylst,New York,92268
Data Anaylst,Shanghai,106118
Devops Engineer,Cairo,106087
Data Anaylst,New York,89826
UX Designer,New York,96268
Software Engineer,San Francisco,88678
Data Anaylst,New York,91826
Devops Engineer,San Francisco,101166
UX Designer,New York,92827
Data Engineer,New York,87994
Devops Engineer,San Francisco,102516
UX Designer,Cairo,103471
UX Designer,San Francisco,100557
Data Anaylst,Shanghai,108367
Data Anaylst,New York,88360
UX Designer,New York,96326
Data Engineer,San Francisco,90310
Devops Engineer,New York,96378
Software Engineer,London,77848
UX Designer,New York,95544
UX Designer,Shanghai,110819
Software Engineer,Shanghai,100906
Devops Engineer,New York,98284
Data Anaylst,San Francisco,93396
Data Anaylst,Cairo,102583
Data Engineer,Shanghai,105538
Devops Engineer,Shanghai,112794
Data Anaylst,San Francisco,96774
Data Anaylst,Cairo,102352
Software Engineer,New York,83191
UX Designer,San Francisco,101217
Software Engineer,Shanghai,100749
Devops Engineer,Cairo,108641
Data Anaylst,London,83155
UX Designer,San Francisco,98549
Data Anaylst,San Francisco,94104
Data Engineer,Shanghai,105139
Data Anaylst,Cairo,101553
UX Designer,New York,94188
Devops Engineer,San Francisco,103184
UX Designer,New York,95876
Data Anaylst,Shanghai,103166
UX Designer,New York,95438
Devops Engineer,Cairo,105904
Data Anaylst,Cairo,101549
Devops Engineer,New York,99415
Software Engineer,San Francisco,89252
Data Anaylst,Cairo,102744
Data Anaylst,New York,88060
Data Anaylst,New York,88409
Software Engineer,London,81964
Data Anaylst,New York,93798
UX Designer,Cairo,106401
Data Anaylst,London,86801
UX Designer,San Francisco,98558
Data Anaylst,Cairo,99811
UX Designer,San Francisco,101421
UX Designer,Shanghai,108700
Software Engineer,San Francisco,92923
Data Engineer,Cairo,95831
UX Designer,London,88615
Software Engineer,New York,86287
Data Engineer,London,81577
Software Engineer,London,78892
Data Engineer,San Francisco,93368
Devops Engineer,Cairo,109769
Data Engineer,Cairo,99625
UX Designer,Cairo,102637
Devops Engineer,London,93023
Software Engineer,London,77435
Data Anaylst,San Francisco,97538
UX Designer,Cairo,102128
Software Engineer,San Francisco,90807
Data Anaylst,Shanghai,107740
UX Designer,Shanghai,107768
Data Anaylst,San Francisco,95892
Devops Engineer,Shanghai,113611
Data Engineer,New York,87277
Devops Engineer,London,93300
Devops Engineer,London,91417
Software Engineer,New York,85817
Software Engineer,Shanghai,99916
Devops Engineer,New York,98159
Data Anaylst,Cairo,101527
Data Engineer,Cairo,99588
UX Designer,Cairo,101789
Devops Engineer,Shanghai,114262
Devops Engineer,London,89933
UX Designer,Shanghai,108158
Devops Engineer,New York,94815
Data Engineer,London,82032
UX Designer,New York,93771
Data Anaylst,San Francisco,95150
Data Anaylst,Cairo,102011
Software Engineer,San Francisco,89853
Devops Engineer,San Francisco,101384
Data Engineer,Shanghai,103347
Data Engineer,London,82072
Devops Engineer,Cairo,107503
Software Engineer,Shanghai,101303
Data Engineer,New York,90602
UX Designer,Cairo,106733
Software Engineer,New York,83555
UX Designer,New York,95316
UX Designer,New York,94304
Data Anaylst,Cairo,101414
Data Anaylst,Shanghai,105941
Devops Engineer,London,93758
Data Anaylst,San Francisco,97094
Devops Engineer,London,94593
Data Anaylst,San Francisco,94208
Software Engineer,Cairo,92647
UX Designer,Shanghai,106772
Software Engineer,London,77413
Software Engineer,London,77104
Software Engineer,San Francisco,87413
Data Anaylst,San Francisco,94720
Data Anaylst,Cairo,99176
Software Engineer,New York,85075
Devops Engineer,Shanghai,114305
Data Anaylst,San Francisco,94713
Data Anaylst,San Francisco,93374
Data Engineer,Shanghai,105014
UX Designer,Cairo,106252
Devops Engineer,Shanghai,109676
Data Anaylst,New York,89197
Data Engineer,Cairo,95673
Software Engineer,London,81977
Data Engineer,Shanghai,105822
Devops Engineer,Shanghai,112853
UX Designer,London,91704
Data Engineer,San Francisco,91913
Data Anaylst,London,87144
Data Anaylst,Cairo,103569
Devops Engineer,San Francisco,103196
Devops Engineer,Cairo,106147
UX Designer,London,86463
Devops Engineer,San Francisco,104822
Devops Engineer,Shanghai,112353
Data Engineer,San Francisco,91911
Software Engineer,San Francisco,90183
UX Designer,London,86046
Software Engineer,New York,85942
Software Engineer,London,82010
Software Engineer,New York,85851
UX Designer,Cairo,104667
UX Designer,Cairo,104740
Data Engineer,New York,86616
Data Anaylst,Shanghai,105007
Software Engineer,New York,84428
UX Designer,New York,94187
Data Anaylst,New York,93025
UX Designer,New York,91224
Data Engineer,London,80841
Data Engineer,New York,86657
Software Engineer,San Francisco,91787
Data Anaylst,New York,89677
UX Designer,Shanghai,109717
Software Engineer,Shanghai,98505
UX Designer,San Francisco,98610
Data Anaylst,Cairo,101825
Software Engineer,London,80593
Devops Engineer,London,91900
UX Designer,London,91084
UX Designer,Cairo,105423
Software Engineer,Shanghai,98944
Data Anaylst,London,86255
Devops Engineer,New York,95751
Software Engineer,London,79238
Devops Engineer,San Francisco,101115
Software Engineer,San Francisco,92498
Data Anaylst,Shanghai,105627
Software Engineer,Cairo,96884
Data Engineer,New York,89040
Data Engineer,Shanghai,101967
Software Engineer,New York,84170
UX Designer,New York,93167
Devops Engineer,New York,95588
Devops Engineer,San Francisco,101224
Data Anaylst,London,83359
Devops Engineer,Shanghai,112763
Data Anaylst,Cairo,102757
Data Engineer,London,82743
UX Designer,London,89342
Devops Engineer,Cairo,107974
Devops Engineer,Shanghai,112689
Data Engineer,New York,85568
Software Engineer,Cairo,92936
Data Anaylst,London,85463
UX Designer,Cairo,103892
Software Engineer,New York,82980
Devops Engineer,San Francisco,103091
Devops Engineer,Shanghai,113776
Devops Engineer,San Francisco,102207
Software Engineer,Cairo,93219
Data Engineer,New York,87525
Data Engineer,New York,89532
UX Designer,London,87346
Data Anaylst,London,86998
UX Designer,Cairo,102803
Software Engineer,San Francisco,89652
Devops Engineer,Shanghai,113209
Data Engineer,Cairo,99345
Software Engineer,San Francisco,88738
Data Anaylst,New York,91641
Data Engineer,London,80401
Software Engineer,New York,83663
Data Engineer,New York,88946
Software Engineer,London,77456
UX Designer,London,89451
UX Designer,San Francisco,99062
Software Engineer,London,79485
Devops Engineer,Cairo,109310
Data Anaylst,Cairo,98974
Devops Engineer,Shanghai,109416
Devops Engineer,San Francisco,99006
UX Designer,Cairo,101864
UX Designer,Cairo,101517
Data Anaylst,San Francisco,95795
UX Designer,Cairo,105556
Software Engineer,Cairo,97698
Data Engineer,Shanghai,105319
Data Engineer,Cairo,100722
UX Designer,Shanghai,108151
UX Designer,New York,95711
Data Anaylst,Shanghai,105486
Devops Engineer,Cairo,105970
UX Designer,Cairo,103969
Software Engineer,London,77964
Software Engineer,San Francisco,88222
UX Designer,London,91236
Data Engineer,Shanghai,104464
Data Engineer,San Francisco,93044
UX Designer,San Francisco,99023
Data Engineer,London,83084
Data Engineer,London,80772
Software Engineer,Shanghai,99882
UX Designer,New York,92816
Data Engineer,Cairo,99471
Data Engineer,London,81688
Data Engineer,Cairo,99866
Software Engineer,New York,85577
UX Designer,Shanghai,108742
Software Engineer,London,81978
Data Anaylst,San Francisco,93511
UX Designer,London,87480
Data Engineer,San Francisco,94928
Software Engineer,London,81228
Devops Engineer,Shanghai,110435
Data Anaylst,Shanghai,104079
UX Designer,San Francisco,100019
Devops Engineer,San Francisco,102170
Data Engineer,Shanghai,102407
Devops Engineer,Shanghai,109495
UX Designer,Shanghai,108746
UX Designer,San Francisco,96900
Data Engineer,Cairo,97331
Software Engineer,New York,84417
Data Engineer,Cairo,96534
Data Anaylst,London,85811
Data Anaylst,San Francisco,96918
Data Engineer,Cairo,98612
Data Anaylst,London,88024
Data Anaylst,London,85768
Data Anaylst,San Francisco,97666
UX Designer,San Francisco,97130
Devops Engineer,London,90320
Data Engineer,New York,88902
Data Anaylst,Shanghai,104071
Devops Engineer,London,89270
Software Engineer,Shanghai,101306
Devops Engineer,London,91574
Devops Engineer,San Francisco,99079
Data Anaylst,San Francisco,94575
Data Engineer,New York,88452
Data Anaylst,New York,91235
Data Engineer,New York,89226
Devops Engineer,Shanghai,113884
Data Anaylst,San Francisco,94570
Devops Engineer,Shanghai,113792
Data Anaylst,New York,91101
UX Designer,London,86174
Data Engineer,Cairo,98925
Data Engineer,Shanghai,100016
Data Engineer,New York,90210
Data Anaylst,San Francisco,93797
Software Engineer,Shanghai,100887
Data Engineer,Cairo,98096
Devops Engineer,Shanghai,113570
Software Engineer,New York,84474
Data Anaylst,Cairo,98123
Software Engineer,New York,85990
Data Engineer,London,84017
Data Anaylst,Cairo,102434
Data Anaylst,Shanghai,106658
UX Designer,Cairo,106249
Devops Engineer,Shanghai,111383
Data Engineer,Shanghai,101973
Data Anaylst,Cairo,100728
Devops Engineer,Cairo,104027
Data Engineer,Shanghai,102938
Data Engineer,Cairo,97628
Data Anaylst,San Francisco,97917
Software Engineer,London,79566
Devops Engineer,Shanghai,110062
Devops Engineer,Cairo,109933
UX Designer,New York,91340
UX Designer,New York,96809
UX Designer,San Francisco,97411
UX Designer,London,91432
Software Engineer,San Francisco,89957
Data Anaylst,London,86686
Data Engineer,New York,85181
Data Engineer,San Francisco,93159
UX Designer,New York,95688
Data Engineer,San Francisco,94282
UX Designer,New York,91445
Devops Engineer,New York,95036
Data Engineer,New York,89233
UX Designer,New York,95767
Data Engineer,New York,90358
UX Designer,New York,94867
Software Engineer,San Francisco,88911
UX Designer,Cairo,103008
Software Engineer,Cairo,97587
Data Engineer,Shanghai,101457
Software Engineer,London,78748
UX Designer,Cairo,101600
Data Engineer,London,85433
Software Engineer,San Francisco,87454
Devops Engineer,New York,95873
Software Engineer,London,80181
Data Anaylst,London,85683
UX Designer,New York,92843
UX Designer,San Francisco,98759
Devops Engineer,Cairo,105625
Devops Engineer,San Francisco,103235
Devops Engineer,Cairo,107373
Devops Engineer,Cairo,106466
Data Anaylst,San Francisco,98127
Devops Engineer,San Francisco,101254
Data Engineer,San Francisco,91529
UX Designer,San Francisco,99223
Data Engineer,London,83132
Devops Engineer,New York,96460
Data Anaylst,London,85766
Devops Engineer,London,90271
UX Designer,New York,93946
Data Anaylst,Shanghai,107085
Software Engineer,San Francisco,92891
UX Designer,San Francisco,97742
Devops Engineer,San Francisco,100070
Data Engineer,Shanghai,103510
UX Designer,New York,93748
Data Engineer,Cairo,97963
Data Anaylst,New York,91919
UX Designer,New York,94675
Devops Engineer,Shanghai,114827
UX Designer,San Francisco,97970
Software Engineer,Cairo,95186
UX Designer,San Francisco,99310
Data Anaylst,Shanghai,105561
Data Anaylst,San Francisco,98409
Devops Engineer,Cairo,108359
Software Engineer,Cairo,94955
Software Engineer,London,78010
UX Designer,Cairo,105639
UX Designer,New York,91085
Data Anaylst,Cairo,101294
Devops Engineer,London,93585
UX Designer,New York,94727
Devops Engineer,Shanghai,111535
